{"defaultScreen":"default","name":"aaaaa","projectId":"246","screens":"{\"default\":{\"cards\":\"<xml xmlns=\\\"http://www.w3.org/1999/xhtml\\\"><block type=\\\"controls_if\\\" id=\\\"6nG=KdNGCV%~RA{@0Gl2\\\" x=\\\"30\\\" y=\\\"90\\\"><value name=\\\"IF0\\\"><block type=\\\"logic_boolean\\\" id=\\\"e8ME?eV#mOn%LGw6!Yg^\\\"><field name=\\\"BOOL\\\">TRUE</field></block></value><statement name=\\\"DO0\\\"><block type=\\\"log\\\" id=\\\"KAVHPZ6:[$|Pp/REce5~\\\"><value name=\\\"TEXT\\\"><block type=\\\"text\\\" id=\\\"[,Wmg)m)*GFwRo}^#U7Z\\\"><field name=\\\"TEXT\\\">aaaaa</field></block></value></block></statement></block></xml>\",\"sourceCode\":\"if (true) {\\n  console.log('aaaaa');\\n}\\n\",\"name\":\"トップ\",\"elements\":{},\"card\":\"\",\"templates\":{},\"style\":{\"overflowY\":\"hidden\"},\"varProperties\":{}}}","scripts":"{}","variables":"{}"}
