{"config":"{\"server\":{\"apiKey\":\"AIzaSyDmLd_1k0ckDzZIOzl4sCaIo9_HlqiH_hA\",\"authDomain\":\"fir-test-31135.firebaseapp.com\",\"databaseURL\":\"https://fir-test-31135.firebaseio.com\",\"projectId\":\"fir-test-31135\",\"storageBucket\":\"fir-test-31135.appspot.com\",\"messagingSenderId\":\"141566842019\"}}","defaultScreen":"default","name":"nwew","projectId":"223","screens":"{\"default\":{\"card\":\"\",\"name\":\"トップ\",\"sourceCode\":\"\",\"cards\":[],\"elements\":{\"3dee6cf5-bd2e-4c29-9e86-5ecb59e23571\":{\"type\":\"checkbox\",\"name\":\"チェック\",\"options\":{\"top\":\"181.506px\",\"left\":\"74.1522px\",\"text\":\"チェックaaaaa\",\"fontSize\":26,\"checked\":true,\"disabled\":false},\"zIndex\":0,\"unresizable\":\"xy\",\"element\":{\"0\":{},\"length\":1}},\"e79e61fd-98bd-4724-af59-ae33fb4bfe61\":{\"type\":\"switch\",\"name\":\"スイッチ\",\"options\":{\"top\":\"0px\",\"left\":\"0px\",\"text\":\"スイッチ\",\"fontSize\":14,\"value\":true,\"disabled\":false},\"zIndex\":1,\"unresizable\":\"xy\",\"element\":{\"0\":{},\"length\":1}},\"37a3f281-f1b6-4c76-8a7c-2cae7a7d655a\":{\"type\":\"button\",\"name\":\"ボタン\",\"options\":{\"top\":\"-0.012573px\",\"left\":\"-117.096px\",\"width\":677,\"height\":712,\"text\":\"ボタン\",\"textColor\":\"#000000\",\"fontSize\":14,\"bgColor\":\"#ffffff\",\"borderRadius\":3,\"shadowOpacity\":74,\"shadowX\":0,\"shadowY\":2,\"shadowGradation\":5,\"borderColor\":\"#000000\",\"borderWidth\":0},\"zIndex\":2,\"element\":{\"0\":{},\"length\":1}}},\"templates\":{},\"boxProperties\":{\"37a3f281-f1b6-4c76-8a7c-2cae7a7d655a\":{}}}}"}
