{"config":"{\"componentScale\":1}","defaultScreen":"default","name":"aaaa","projectId":"218","screens":"{\"default\":{\"card\":\"\",\"elements\":{\"1d6f112f-4b55-442c-a77c-17792ae55cb8\":{\"children\":{\"68812a31-29c4-4fcd-b740-c42ba29028f0\":{\"element\":{\"0\":{},\"length\":1},\"zIndex\":2,\"options\":{\"overflow\":\"hidden\",\"verticalAlign\":\"top\",\"textAlign\":\"left\",\"borderWidth\":0,\"borderColor\":\"#000000\",\"shadowGradation\":5,\"shadowY\":2,\"shadowX\":0,\"shadowOpacity\":74,\"borderRadius\":3,\"bgColor\":\"#ffffff\",\"fontSize\":14,\"textColor\":\"#000000\",\"text\":\"ボタン\",\"height\":177,\"width\":208,\"left\":\"75.7445px\",\"top\":\"159.106px\"},\"name\":\"ボタン\",\"type\":\"button\"},\"fa7d8101-c2f8-43c2-8762-1a56749a539e\":{\"element\":{\"0\":{},\"length\":1},\"zIndex\":1,\"options\":{\"verticalAlign\":\"top\",\"textAlign\":\"left\",\"fontSize\":14,\"textColor\":\"#000000\",\"text\":\"テキストを\\n入力\",\"height\":60,\"width\":160,\"left\":\"0px\",\"top\":\"0px\",\"overflow\":\"hidden\",\"bgColor\":\"#ffffff\",\"borderRadius\":3,\"shadowOpacity\":74,\"shadowX\":0,\"shadowY\":2,\"shadowGradation\":5,\"borderColor\":\"#000000\",\"borderWidth\":0},\"name\":\"テキスト\",\"type\":\"text\"}},\"element\":{\"0\":{},\"length\":1},\"zIndex\":1,\"options\":{\"borderWidth\":0,\"borderColor\":\"#000000\",\"shadowGradation\":5,\"shadowY\":1,\"shadowX\":0,\"shadowOpacity\":100,\"borderRadius\":3,\"bgColor\":\"#ffffff\",\"overflow\":\"hidden\",\"height\":426,\"width\":321,\"left\":\"0px\",\"top\":\"0px\"},\"name\":\"グループ\",\"group\":true,\"type\":\"group\"},\"741bde71-b3b9-42c7-888b-1fc3ba043bb5\":{\"element\":{\"0\":{},\"length\":1},\"zIndex\":0,\"options\":{\"verticalAlign\":\"top\",\"textAlign\":\"left\",\"fontSize\":14,\"textColor\":\"#000000\",\"text\":\"テキストを\\n入力\",\"height\":60,\"width\":160,\"left\":\"0px\",\"top\":\"0px\"},\"name\":\"テキスト\",\"type\":\"text\"}},\"name\":\"トップ\",\"templates\":{}}}","variables":["d","y"]}
