{"name" : "テスト", "__v" : 0, "sourceCode" : "", "config" : { "componentScale" : 1 }, "cards" : [ ], "elements" : { "871ac036-608b-476d-9b7d-dd9cf420173b" : { "type" : "button", "name" : "ボタン", "element" : { "0" : {  }, "length" : 1 }, "options" : { "text" : "ボ タン", "textColor" : "#de2121", "fontSize" : 14, "bgColor" : "#ffffff", "borderRadius" : 3, "shadowOpacity" : 74, "shadowX" : 0, "shadowY" : 2, "shadowGradation" : 5, "borderColor" : "#000000", "borderWidth" : 0, "top" : "154.615px", "left" : "82.1893px", "width" : 205, "height" : 36 } }, "d5815dd6-8f34-4862-8908-45d88c21213c" : { "type" : "button", "name" : "ボタン", "element" : { "0" : {  }, "length" : 1 }, "options" : { "text" : "ボタン", "textColor" : "#000000", "fontSize" : 14, "bgColor" : "#ffffff", "borderRadius" : 3, "shadowOpacity" : 74, "shadowX" : 0, "shadowY" : 2, "shadowGradation" : 5, "borderColor" : "#000000", "borderWidth" : 0, "top" : "120.533px", "left" : "76.2634px", "width" : 120, "height" : 40 } }, "9dc1ca76-37df-4178-9041-64070e859aa6" : { "type" : "button", "name" : "ボタン", "element" : { "0" : {  }, "length" : 1 }, "options" : { "text" : "ボタン", "textColor" : "#000000", "fontSize" : 14, "bgColor" : "#ffffff", "borderRadius" : 3, "shadowOpacity" : 74, "shadowX" : 0, "shadowY" : 2, "shadowGradation" : 5, "borderColor" : "#000000", "borderWidth" : 0 } } } }
